Latitude,Longitude,AADT
33.63307,-84.286967,22800
33.632548,-84.305956,22900
33.621225,-84.284876,5330
33.638696,-84.282624,9910
33.6232,-84.2979,74300
33.6407,-84.3111,82400
33.625885,-84.384499,24500
33.630521,-84.386337,28200
33.637851,-84.39033,550
33.640677,-84.457136,9910
33.620799,-84.309253,14700
33.643801,-84.324834,19300
33.61004,-84.346217,25000
33.617402,-84.350009,29000
33.632046,-84.357189,24400
33.640029,-84.361427,22400
33.609831,-84.402997,48500
33.617517,-84.409451,13300
33.618308,-84.442637,14100
33.622003,-84.448922,18600
33.629973,-84.450389,20200
33.629692,-84.454222,18600
33.625437,-84.381154,3810
33.621848,-84.367222,4670
33.619711,-84.357701,5530
33.641285,-84.353771,5360
33.616818,-84.44982,13100
33.618662,-84.40199,19500
33.615831,-84.352138,19300
33.618379,-84.392236,25900
33.62067,-84.36677,20500
33.615214,-84.351011,20500
33.635796,-84.401149,175000
33.627076,-84.400211,223000
33.6471,-84.39778,157000
33.6263,-84.4565,77100
33.63764,-84.45651,118000
33.64036,-84.3764,154000
33.6319,-84.3962,89800
33.6267,-84.4192,171000
33.618927,-84.433062,186000
33.617,-84.4477,190000
33.6179,-84.455,136000
33.612402,-84.290994,15500
33.612627,-84.301385,20900
33.610666,-84.27494,12300
33.630111,-84.31083,18800
33.641011,-84.379366,7600
33.640091,-84.374399,7540
33.641181,-84.353071,3590
33.618244,-84.405761,2760
33.62649,-84.409399,12800
33.647048,-84.454897,32800
33.644392,-84.448139,9020
33.644485,-84.34512,5380
33.610498,-84.328124,17000
33.629612,-84.413209,4870
33.64107,-84.40403,39100
33.60808,-84.31774,10
33.637538,-84.337402,100
33.641612,-84.378307,1110
33.611559,-84.455354,690
33.633443,-84.333162,1190
33.636047,-84.295162,3460
33.635237,-84.346116,210
33.630575,-84.36319,140
33.629106,-84.370419,2060
33.615578,-84.359397,210
33.612701,-84.371474,200
33.633393,-84.375497,60
33.624183,-84.454516,1380
33.614658,-84.445549,9930
33.648178,-84.444557,28100
33.645776,-84.324433,3070
33.62796,-84.342413,2260
33.630016,-84.414947,4280
33.614557,-84.422025,480
33.613385,-84.409987,1550
33.640411,-84.450889,7430
33.632766,-84.451388,4910
33.61412,-84.39687,4020
33.616127,-84.397623,15100
33.63677,-84.40128,930
33.621915,-84.3991,25700
33.630592,-84.39998,14800
33.63419,-84.399295,31400
33.636781,-84.400903,17300
33.64299,-84.399005,18800
33.641453,-84.399933,1510
33.64484,-84.398377,8650
33.637499,-84.40239,8180
33.641154,-84.45329,10800
33.644712,-84.397593,10700
33.645183,-84.397827,4910
33.642216,-84.401473,4290
33.630803,-84.4041,1050
33.634364,-84.386541,9010
33.633695,-84.387281,10900
33.632635,-84.386326,6080
33.6332,-84.385667,6940
33.63435,-84.39851,14000
33.628483,-84.402834,7240
33.629573,-84.403017,38400
33.628945,-84.41692,3880
33.629771,-84.415966,2090
33.630079,-84.412865,5980
33.629648,-84.414328,41500
33.636695,-84.382206,31900
33.624286,-84.422612,6300
33.615962,-84.440409,14400
33.617538,-84.43544,10800
33.617632,-84.45448,12600
33.610406,-84.295209,6160
33.614393,-84.29635,7610
33.632138,-84.301769,5890
33.634801,-84.304403,11600
33.631269,-84.455927,6100
33.634617,-84.456764,14700
33.628809,-84.455356,5130
33.629129,-84.45489,14900
33.616186,-84.398382,8080
33.612282,-84.397241,5700
33.6283,-84.400711,12500
33.623934,-84.40022,40300
33.631486,-84.401174,9590
33.641693,-84.399942,880
33.640227,-84.400454,5780
33.641553,-84.40222,4210
33.644884,-84.399608,6780
33.640745,-84.454469,9230
33.633479,-84.457163,6750
33.629852,-84.456189,12800
33.630601,-84.45652,4060
33.637432,-84.381753,32500
33.630269,-84.414294,39300
33.617856,-84.45227,40400
33.625856,-84.421728,8160
33.618505,-84.43589,12600
33.618282,-84.437064,13500
33.618467,-84.455521,31700
33.617607,-84.438822,1000
33.614974,-84.297196,8900
33.610299,-84.297037,5770
33.634668,-84.30623,13700
33.631683,-84.303491,6470
33.625485,-84.45742,24500
33.857223,-84.485527,1570
33.7732,-84.5546,146000
33.7708,-84.5431,153000
33.77291,-84.551949,5230
33.76295,-84.562985,15900
33.774708,-84.543622,10700
33.873907,-84.500817,25800
33.856414,-84.492152,21600
33.846027,-84.491978,2510
33.835653,-84.470904,20600
33.878633,-84.457603,17300
33.817254,-84.569636,25200
33.812357,-84.551959,25000
33.811374,-84.536263,23300
33.803877,-84.523177,27900
33.798072,-84.511591,28800
33.860519,-84.458693,6670
33.865961,-84.46935,20100
33.861552,-84.486642,21100
33.83171,-84.480688,7080
33.8089,-84.5067,12500
33.825132,-84.496416,21300
33.838851,-84.493,3220
33.81837,-84.557224,8080
33.831874,-84.543709,7970
33.84223,-84.534165,9740
33.845987,-84.514903,6160
33.8172,-84.4961,150000
33.8339,-84.4863,153000
33.855154,-84.483162,177000
33.8745,-84.4753,187000
33.884813,-84.46931,164000
33.814621,-84.572616,30400
33.798936,-84.565157,20200
33.791047,-84.552166,25500
33.782631,-84.539037,24900
33.820921,-84.484372,16900
33.82756,-84.491676,43800
33.840387,-84.496683,31800
33.85104,-84.50905,30400
33.866275,-84.523699,30800
33.884797,-84.534921,30600
33.876127,-84.448194,183000
33.8834,-84.4551,149000
33.8474,-84.550361,30900
33.866797,-84.568074,7710
33.876093,-84.525248,23100
33.868689,-84.551887,8480
33.853754,-84.555732,5980
33.882977,-84.503114,29400
33.883201,-84.478979,34100
33.880601,-84.47402,19100
33.848271,-84.495435,43700
33.877652,-84.463744,13700
33.8597,-84.47967,20300
33.880003,-84.556046,1870
33.843543,-84.564277,60
33.820059,-84.53161,1950
33.863229,-84.547624,130
33.882602,-84.538342,720
33.85323,-84.521509,90
33.860921,-84.495009,160
33.869881,-84.484298,20
33.838818,-84.480814,5120
33.848728,-84.473325,60
33.875483,-84.463479,240
33.8738,-84.515749,410
33.862265,-84.565535,90
33.81713,-84.561275,290
33.802493,-84.564666,590
33.820648,-84.555023,50
33.80006,-84.532178,4960
33.819278,-84.563765,200
33.844273,-84.498018,160
33.850035,-84.571974,70
33.869387,-84.523439,360
33.881287,-84.522736,2750
33.884647,-84.538044,40
33.836936,-84.538663,180
33.875255,-84.499605,120
33.789401,-84.533658,180
33.857537,-84.47776,360
33.880822,-84.561468,4760
33.841379,-84.539375,9010
33.876728,-84.492805,3880
33.837681,-84.481011,6040
33.886449,-84.547493,560
33.88643,-84.46664,41800
33.881852,-84.453388,6420
33.879545,-84.451217,9830
33.885837,-84.456227,2580
33.885146,-84.456799,490
33.884754,-84.455928,4780
33.885242,-84.468137,21000
33.823568,-84.490921,12100
33.825352,-84.488498,10100
33.840947,-84.487003,5790
33.843095,-84.486616,16500
33.861691,-84.480276,7740
33.866882,-84.477978,13000
33.882802,-84.471168,9790
33.773581,-84.56232,4760
33.773372,-84.557482,11700
33.772118,-84.549435,3980
33.88158,-84.454083,17800
33.884764,-84.456595,340
33.884462,-84.457042,3060
33.884658,-84.457015,4630
33.878491,-84.451432,6740
33.826968,-84.488172,12500
33.824729,-84.490722,11600
33.846026,-84.487345,16300
33.84167,-84.487857,5610
33.866339,-84.479449,12800
33.862359,-84.481011,6970
33.886405,-84.467621,7900
33.883791,-84.471357,12700
33.773644,-84.555349,6720
33.774485,-84.564016,6850
33.774327,-84.562348,6390
33.772587,-84.548851,2930
33.66601,-84.197608,15100
33.683883,-84.198477,30000
33.643547,-84.227871,7470
33.661653,-84.227364,13100
33.655852,-84.27471,5360
33.661288,-84.304141,8400
33.651617,-84.284825,9950
33.669148,-84.279425,8330
33.675697,-84.2935,8400
33.673438,-84.268327,8150
33.65522,-84.229747,6170
33.795747,-84.210307,4740
33.655936,-84.31396,2330
33.88564,-84.29655,19100
33.65766,-84.32519,82400
33.780031,-84.30819,35200
33.789051,-84.29738,29200
33.795792,-84.286196,38300
33.774035,-84.335479,29300
33.772553,-84.317501,33200
33.774498,-84.305264,7410
33.784645,-84.293186,19500
33.793617,-84.284027,15100
33.804171,-84.276738,67900
33.807314,-84.273735,22700
33.820448,-84.264434,23000
33.823799,-84.261055,22100
33.832647,-84.244657,23800
33.844455,-84.231433,20600
33.850343,-84.215709,23600
33.855346,-84.209371,22400
33.862556,-84.198952,24800
33.766934,-84.313836,6260
33.763834,-84.312952,2330
33.767308,-84.303374,9630
33.772081,-84.289625,17500
33.774776,-84.280262,17400
33.774812,-84.261788,16600
33.774641,-84.251276,4530
33.776339,-84.244811,30700
33.782322,-84.237091,40300
33.792381,-84.228508,37600
33.800944,-84.206936,33400
33.771219,-84.253976,13200
33.763621,-84.250705,15000
33.757841,-84.239525,20500
33.746528,-84.221194,34300
33.732668,-84.204861,34900
33.846249,-84.325012,21600
33.86138,-84.308111,20300
33.879743,-84.291518,18400
33.653222,-84.332869,22500
33.664515,-84.338671,28200
33.675866,-84.343753,34100
33.768589,-84.349023,30300
33.780684,-84.344279,15700
33.800163,-84.336753,12500
33.820426,-84.3348,18000
33.828157,-84.33076,47900
33.857446,-84.344504,29900
33.761439,-84.253334,5220
33.747437,-84.3305,24200
33.747161,-84.300029,20100
33.748892,-84.278245,27100
33.758779,-84.262415,25900
33.766164,-84.254019,24800
33.772707,-84.249029,28200
33.680762,-84.217602,18100
33.685433,-84.250674,31400
33.703682,-84.270692,24700
33.71093,-84.271661,46300
33.720868,-84.276841,23200
33.732599,-84.283882,23100
33.743248,-84.290224,21300
33.752142,-84.292193,14000
33.767684,-84.292636,15100
33.773563,-84.290718,13000
33.777745,-84.293285,12500
33.782383,-84.300027,19300
33.788573,-84.306943,26100
33.8011,-84.309414,30000
33.81647,-84.30596,25000
33.828938,-84.308498,29000
33.838632,-84.312372,39000
33.851008,-84.315239,28000
33.653611,-84.341275,5570
33.815478,-84.342283,16500
33.8155,-84.32281,15800
33.820127,-84.308087,13400
33.822652,-84.298524,13900
33.829712,-84.279229,9510
33.843901,-84.257747,14700
33.850916,-84.232121,25400
33.856823,-84.209198,21600
33.849211,-84.204635,24600
33.740165,-84.347639,8350
33.74006,-84.336767,7560
33.739981,-84.306987,13600
33.737994,-84.254563,12100
33.73763,-84.241535,18000
33.736857,-84.220903,16300
33.7453,-84.3416,189000
33.7425,-84.3313,168000
33.7338,-84.323,162000
33.7193,-84.3177,153000
33.7125,-84.2916,152000
33.7155,-84.2621,150000
33.7157,-84.25111,134000
33.7131,-84.2292,196000
33.7034,-84.1942,161000
33.82764,-84.34427,241000
33.837,-84.3247,216000
33.851,-84.3015,206000
33.8712,-84.2801,211000
33.883829,-84.268705,219000
33.6655,-84.3463,148000
33.6725,-84.3296,98600
33.679387,-84.316294,152000
33.6948,-84.2893,145000
33.7037,-84.2507,144000
33.7258,-84.2338,185000
33.7452,-84.2309,180000
33.761,-84.2325,187000
33.7742,-84.2359,187000
33.78967,-84.24671,195000
33.8096,-84.2509,193000
33.8233,-84.2527,194000
33.8366,-84.2491,201000
33.85,-84.2468,190000
33.8765,-84.24943,200000
33.807931,-84.271919,50500
33.811181,-84.260987,75200
33.82047,-84.242493,114000
33.8328,-84.2181,106000
33.673107,-84.230419,15600
33.694563,-84.224038,12800
33.686575,-84.310705,23600
33.680151,-84.308077,18900
33.692506,-84.272124,16100
33.657588,-84.331944,11000
33.657921,-84.336369,8750
33.881039,-84.309475,22800
33.86321,-84.309453,24200
33.786453,-84.199487,16600
33.786556,-84.218791,17400
33.762971,-84.210753,17900
33.760496,-84.236696,12500
33.765647,-84.233672,19800
33.771959,-84.246582,5820
33.771696,-84.252303,2970
33.831384,-84.197548,32800
33.843128,-84.200893,36300
33.857278,-84.193063,28200
33.746123,-84.309742,9930
33.69496,-84.190713,7780
33.886596,-84.309734,8280
33.877725,-84.287512,9470
33.866991,-84.289746,18800
33.857123,-84.282813,16300
33.846299,-84.274348,6600
33.861616,-84.325544,10100
33.866384,-84.304803,11300
33.869881,-84.286151,2830
33.88681,-84.22491,24300
33.86662,-84.218058,18000
33.885671,-84.285541,23100
33.882378,-84.279273,29000
33.884737,-84.256491,16100
33.885584,-84.249641,25200
33.884253,-84.234,18100
33.848004,-84.339143,16600
33.835884,-84.342435,37100
33.842481,-84.345206,14700
33.876761,-84.252192,9530
33.858931,-84.253659,9850
33.854812,-84.273313,12600
33.833318,-84.321002,14300
33.840262,-84.298451,6640
33.846518,-84.284397,11000
33.838536,-84.223185,5720
33.821209,-84.23096,19600
33.830425,-84.237079,12100
33.841519,-84.242463,16400
33.835479,-84.289729,4600
33.82348,-84.319229,28900
33.81547,-84.310172,34400
33.812641,-84.297897,29700
33.812309,-84.2803,33100
33.809744,-84.27139,39800
33.801736,-84.266592,11700
33.832973,-84.260491,80
33.8371,-84.256813,9820
33.817579,-84.245845,9980
33.7189,-84.2113,18700
33.746466,-84.1965,19000
33.775418,-84.193172,24200
33.795693,-84.193716,29000
33.814452,-84.19356,22400
33.788395,-84.322806,16400
33.793864,-84.29202,25600
33.792523,-84.287337,18600
33.79378,-84.274325,22200
33.791146,-84.256056,19700
33.785655,-84.2402,15900
33.776163,-84.283692,6100
33.785735,-84.26645,9540
33.798872,-84.258403,13200
33.804601,-84.24409,9430
33.813811,-84.236887,9680
33.819056,-84.228559,18200
33.820585,-84.208719,9710
33.796998,-84.23654,13300
33.761913,-84.341028,15000
33.76034,-84.325151,18400
33.763587,-84.279154,8290
33.745299,-84.260851,18200
33.72451,-84.251429,18900
33.713521,-84.252455,20400
33.731813,-84.242889,7070
33.71768,-84.227956,10300
33.741443,-84.346804,6630
33.734416,-84.340757,6410
33.724996,-84.332432,11900
33.710625,-84.32969,7580
33.697114,-84.323731,5580
33.689009,-84.332203,5670
33.688838,-84.312471,10900
33.694294,-84.304345,16200
33.730081,-84.330066,3830
33.721449,-84.314766,10800
33.71206,-84.304318,10000
33.705799,-84.286722,6490
33.709655,-84.263159,5190
33.708472,-84.235552,11700
33.698327,-84.206658,23300
33.709081,-84.217983,52200
33.713372,-84.216667,33200
33.726004,-84.214084,15000
33.767696,-84.303885,6610
33.769202,-84.276206,5880
33.785387,-84.276403,15400
33.79669,-84.278784,19200
33.85144,-84.252357,5370
33.849411,-84.244612,9350
33.743399,-84.323912,3040
33.728333,-84.319933,6450
33.714924,-84.321605,3460
33.718461,-84.339619,9730
33.71663,-84.343949,7150
33.696856,-84.339385,1600
33.699381,-84.251559,10100
33.690985,-84.271469,11400
33.693358,-84.294026,8240
33.748723,-84.250692,4540
33.675956,-84.215154,3730
33.650396,-84.247855,4810
33.688809,-84.192809,6330
33.769072,-84.224918,14300
33.770871,-84.231553,6830
33.788608,-84.218302,3590
33.809004,-84.217685,8930
33.810569,-84.260563,3610
33.845307,-84.21614,7450
33.833579,-84.214367,8930
33.865139,-84.207997,7120
33.864406,-84.234525,5120
33.874941,-84.23863,4080
33.858687,-84.240001,2460
33.829408,-84.265723,7540
33.78004,-84.332109,4890
33.783416,-84.33522,4420
33.794413,-84.343239,8140
33.804205,-84.322333,12400
33.850215,-84.259828,7860
33.880153,-84.338111,6980
33.871377,-84.280609,2840
33.850798,-84.302397,7050
33.836562,-84.326558,10600
33.673281,-84.224782,2920
33.837482,-84.323279,8140
33.8518,-84.3001,5020
33.869626,-84.282029,4840
33.876506,-84.26216,8060
33.711303,-84.19812,18200
33.801244,-84.342812,8920
33.764841,-84.33452,6560
33.768394,-84.344778,2380
33.761124,-84.341883,6780
33.755799,-84.323188,2710
33.7509,-84.333168,5850
33.751154,-84.32098,4480
33.74987,-84.301383,1940
33.734066,-84.345448,2110
33.763853,-84.317239,7660
33.71407,-84.310455,17400
33.680087,-84.254406,9640
33.773728,-84.214337,2340
33.785359,-84.236744,8240
33.799544,-84.325039,16100
33.875274,-84.25456,13200
33.682952,-84.348821,10200
33.772415,-84.338744,2420
33.763915,-84.320791,2140
33.743906,-84.334777,5970
33.736931,-84.327472,80
33.725604,-84.339639,610
33.71862,-84.322271,300
33.694591,-84.306369,70
33.665375,-84.315804,2470
33.714045,-84.302587,100
33.723149,-84.287254,790
33.73067,-84.305088,140
33.737383,-84.296134,120
33.755,-84.270327,720
33.758021,-84.264604,440
33.748049,-84.277683,40
33.742569,-84.269131,720
33.736661,-84.264953,130
33.736267,-84.281338,290
33.743173,-84.245811,110
33.752559,-84.244019,40
33.739773,-84.240238,120
33.749254,-84.237605,2470
33.728857,-84.203116,210
33.695028,-84.237673,4610
33.785371,-84.209593,400
33.783094,-84.232545,40
33.807004,-84.23632,720
33.78264,-84.243747,1740
33.795446,-84.259116,170
33.786402,-84.282416,180
33.807809,-84.262519,130
33.802744,-84.258168,110
33.821491,-84.217057,70
33.857193,-84.221369,410
33.879999,-84.232125,100
33.820472,-84.290003,1110
33.81548,-84.289322,810
33.798098,-84.291598,210
33.80392,-84.280276,100
33.7821,-84.3172,1630
33.779816,-84.314784,140
33.795004,-84.330746,850
33.793638,-84.340484,1770
33.8169,-84.323419,440
33.811952,-84.342198,290
33.835691,-84.324954,3100
33.818929,-84.3076,120
33.842378,-84.297433,820
33.840471,-84.308152,110
33.841427,-84.270144,320
33.860642,-84.274828,1300
33.880155,-84.270815,3150
33.852707,-84.307112,260
33.833587,-84.346825,980
33.860813,-84.336697,240
33.856807,-84.327597,90
33.869701,-84.317796,880
33.884404,-84.337972,1310
33.8684,-84.3469,200
33.866764,-84.324475,290
33.864353,-84.25855,190
33.843293,-84.296581,90
33.847217,-84.261507,120
33.862785,-84.199705,300
33.829647,-84.271419,120
33.755213,-84.242103,70
33.716825,-84.222504,50
33.719213,-84.258054,510
33.727392,-84.341019,100
33.695004,-84.245576,550
33.7293,-84.20711,540
33.688397,-84.220134,230
33.691133,-84.30754,150
33.716927,-84.294246,50
33.72235,-84.223246,60
33.68603,-84.21709,500
33.705431,-84.247054,460
33.697917,-84.244278,70
33.721812,-84.208136,80
33.719163,-84.205832,110
33.772782,-84.233772,4040
33.803406,-84.221505,160
33.815425,-84.201496,270
33.834881,-84.229146,300
33.826014,-84.212043,260
33.868698,-84.244686,60
33.873165,-84.224627,410
33.79067,-84.196853,100
33.880567,-84.236036,40
33.757201,-84.210442,110
33.67686,-84.205788,160
33.683244,-84.209365,40
33.800469,-84.277778,750
33.748521,-84.192603,160
33.803565,-84.197195,270
33.693918,-84.344183,260
33.752671,-84.193413,150
33.710348,-84.208069,310
33.814407,-84.225009,50
33.877634,-84.223083,240
33.85789,-84.25713,320
33.863347,-84.247552,120
33.756615,-84.191131,210
33.782186,-84.211887,80
33.784416,-84.213168,260
33.711853,-84.279587,4710
33.681502,-84.255707,150
33.706422,-84.327451,6300
33.771746,-84.271594,200
33.776481,-84.274349,210
33.794071,-84.208481,20
33.765007,-84.301227,690
33.767056,-84.289703,390
33.780785,-84.280768,150
33.779737,-84.307056,310
33.769135,-84.304921,340
33.787874,-84.301244,260
33.804614,-84.233518,80
33.768755,-84.33185,180
33.768363,-84.339353,1180
33.750044,-84.346449,150
33.752749,-84.318685,130
33.734501,-84.33751,160
33.736732,-84.344736,510
33.746682,-84.339717,150
33.73677,-84.246246,1060
33.721206,-84.295909,3810
33.72255,-84.298174,210
33.750656,-84.232376,2510
33.761493,-84.239603,220
33.780023,-84.263564,160
33.833495,-84.255262,1070
33.789417,-84.327314,4440
33.859418,-84.300194,370
33.843036,-84.32293,11000
33.855747,-84.322144,1050
33.851565,-84.323272,810
33.80468,-84.276876,2950
33.685012,-84.253979,3000
33.864456,-84.289015,3690
33.86477,-84.288656,2020
33.88597,-84.25227,41800
33.67288,-84.33253,16500
33.67564,-84.32649,29100
33.81839,-84.2477,40000
33.88679,-84.25211,45300
33.81317,-84.2559,18500
33.830697,-84.338053,20700
33.832732,-84.332667,8310
33.839811,-84.315921,16800
33.840666,-84.310211,10400
33.862362,-84.290826,6610
33.865629,-84.287114,8450
33.876503,-84.27432,8410
33.879277,-84.271908,12100
33.88681,-84.266108,30100
33.761924,-84.348993,2360
33.762036,-84.349003,1730
33.886562,-84.253443,12200
33.884464,-84.251643,6570
33.851977,-84.246101,4160
33.843889,-84.247078,11300
33.847295,-84.246565,8280
33.819688,-84.251377,6400
33.829382,-84.251927,6960
33.813009,-84.252464,8070
33.819735,-84.251028,18100
33.802005,-84.249515,5140
33.805381,-84.250127,6630
33.776966,-84.238561,10400
33.779283,-84.241882,12100
33.765799,-84.232083,410
33.751584,-84.231164,7940
33.752915,-84.231226,12100
33.736086,-84.230347,9820
33.737574,-84.230192,5560
33.712172,-84.24228,28600
33.715563,-84.238672,15900
33.6987,-84.269875,11700
33.698573,-84.264104,7680
33.682325,-84.311735,12600
33.684659,-84.308627,5080
33.66912,-84.336294,12000
33.670337,-84.333877,5680
33.672666,-84.325343,31300
33.666203,-84.343697,13600
33.670825,-84.329679,19700
33.745184,-84.348458,8540
33.745269,-84.347073,6530
33.74492,-84.336482,9380
33.741173,-84.330239,7130
33.739416,-84.328833,3440
33.728526,-84.323913,4500
33.716656,-84.312632,7080
33.71487,-84.302947,6760
33.712874,-84.273946,9790
33.713445,-84.271108,8500
33.716045,-84.254928,6410
33.715127,-84.246913,16100
33.713602,-84.243765,26000
33.711541,-84.219152,21000
33.711174,-84.215799,5060
33.809287,-84.268314,14700
33.824204,-84.234299,7790
33.825143,-84.232331,5100
33.834521,-84.201463,13500
33.834446,-84.199206,4420
33.815491,-84.250078,17200
33.817605,-84.250634,8330
33.715098,-84.240256,550
33.813367,-84.252555,18300
33.818756,-84.252629,11500
33.833085,-84.334235,8660
33.831501,-84.337764,19700
33.841265,-84.310302,10200
33.840371,-84.316428,13800
33.867135,-84.286396,10100
33.863035,-84.291004,5980
33.880591,-84.271914,12900
33.876638,-84.27498,8040
33.883477,-84.250098,4930
33.853418,-84.246723,5180
33.848166,-84.247392,6660
33.844645,-84.247741,15800
33.828044,-84.253829,9000
33.82781,-84.25286,10500
33.812536,-84.252616,8910
33.818511,-84.249432,17900
33.805481,-84.25072,4500
33.801141,-84.250169,8600
33.781758,-84.245323,11200
33.777534,-84.241494,12000
33.76764,-84.23285,420
33.754467,-84.232519,10900
33.751321,-84.231998,14700
33.738352,-84.231135,5720
33.734782,-84.231255,10500
33.719712,-84.23848,39200
33.715409,-84.243915,23000
33.6994,-84.26397,8040
33.699371,-84.268016,10500
33.684941,-84.309362,5890
33.683683,-84.311181,10900
33.67185,-84.331735,6050
33.667286,-84.342452,11300
33.745843,-84.34701,7200
33.745787,-84.34828,7760
33.745465,-84.336042,11700
33.738292,-84.326419,4080
33.741182,-84.329317,6740
33.727965,-84.323307,4820
33.715409,-84.302518,6480
33.717313,-84.312613,7830
33.714236,-84.270497,8150
33.713486,-84.274208,9060
33.71662,-84.25466,9770
33.715606,-84.238477,23200
33.71026,-84.24617,29100
33.717129,-84.24187,18200
33.711705,-84.215568,4780
33.712123,-84.219539,21600
33.810008,-84.269463,11700
33.826069,-84.232935,3990
33.824958,-84.235002,7370
33.835441,-84.199384,4560
33.835373,-84.201787,14100
33.773826,-84.35507,34000
33.866864,-84.437162,11300
33.806714,-84.434504,14100
33.784515,-84.449419,3620
33.714138,-84.45373,4350
33.714434,-84.380995,3900
33.67545,-84.393447,2820
33.721734,-84.383857,8690
33.743861,-84.373382,3550
33.736754,-84.381169,4650
33.741044,-84.368572,1970
33.754219,-84.453809,1050
33.764208,-84.398976,15100
33.753882,-84.40374,4440
33.751904,-84.394775,3510
33.751969,-84.388974,9760
33.791113,-84.393487,26200
33.661458,-84.428317,3680
33.675637,-84.439891,11400
33.677182,-84.437167,7650
33.864632,-84.37158,12500
33.747483,-84.349844,13000
33.740889,-84.362974,6180
33.739941,-84.354093,6530
33.74162,-84.358198,6670
33.700682,-84.573805,10900
33.745887,-84.358278,12200
33.754707,-84.413435,8800
33.752971,-84.4372,11000
33.8241,-84.359356,83800
33.8418,-84.3605,134000
33.87719,-84.364564,117000
33.762929,-84.363264,26300
33.770146,-84.359298,19400
33.771643,-84.359439,16700
33.768876,-84.353014,11300
33.743233,-84.36277,191000
33.608365,-84.554792,9510
33.646989,-84.540282,5920
33.638907,-84.562079,3570
33.660309,-84.53631,41200
33.623741,-84.561334,13700
33.681772,-84.555582,33900
33.620166,-84.539975,41000
33.685625,-84.569743,35400
33.82874,-84.42146,5650
33.850418,-84.372513,61000
33.852259,-84.364352,9330
33.63382,-84.458013,3090
33.744558,-84.401936,9280
33.747347,-84.39786,13500
33.752063,-84.395934,7830
33.755388,-84.393689,5770
33.747171,-84.398153,150
33.757783,-84.391534,10400
33.764453,-84.391361,5240
33.7713,-84.393153,23200
33.770166,-84.401872,18500
33.789546,-84.407788,32300
33.79489,-84.407873,31700
33.80719,-84.407795,20800
33.81977,-84.407621,14600
33.83308,-84.407435,12600
33.840099,-84.413525,12100
33.844202,-84.424931,15600
33.856861,-84.432044,23500
33.863986,-84.446339,25600
33.651486,-84.39376,12500
33.655501,-84.403185,12800
33.67116,-84.408511,6070
33.69194,-84.408165,13200
33.713769,-84.40792,16400
33.730217,-84.408037,17200
33.743456,-84.408235,14900
33.759216,-84.402702,40700
33.767189,-84.404849,33700
33.771057,-84.405685,32400
33.774673,-84.408089,30500
33.780603,-84.407535,37900
33.78003,-84.413821,14900
33.785092,-84.421189,13800
33.794468,-84.431737,13200
33.814872,-84.441603,27900
33.823528,-84.457459,25100
33.794217,-84.502921,26200
33.788223,-84.494858,35300
33.781707,-84.484397,15900
33.777122,-84.461601,21100
33.771277,-84.434701,24300
33.773138,-84.409977,28500
33.771305,-84.386961,30100
33.77193,-84.38336,16600
33.771287,-84.38319,30900
33.771624,-84.381851,14300
33.772466,-84.376833,23400
33.773323,-84.364752,28100
33.756668,-84.358521,1870
33.754367,-84.375048,6740
33.75449,-84.38988,11500
33.7556,-84.3833,4380
33.77648,-84.388798,11200
33.78315,-84.38921,15100
33.789459,-84.38779,17300
33.792967,-84.389156,23900
33.78407,-84.38783,26900
33.796971,-84.388369,30500
33.77672,-84.3873,7290
33.802472,-84.392896,41800
33.76784,-84.38766,6880
33.818841,-84.388716,37600
33.76132,-84.38904,15400
33.82591,-84.38745,37500
33.84592,-84.381204,21800
33.86529,-84.38077,26500
33.779888,-84.382618,18100
33.779614,-84.381064,7490
33.792118,-84.373828,20400
33.802603,-84.367245,23100
33.633627,-84.468156,4070
33.810629,-84.358595,18600
33.82498,-84.352496,34400
33.819201,-84.35138,29200
33.616161,-84.50873,59200
33.617023,-84.490089,63100
33.613205,-84.519058,26900
33.645408,-84.45096,47800
33.620692,-84.507785,14800
33.622673,-84.493866,19300
33.646031,-84.452619,24000
33.623908,-84.480506,9880
33.634622,-84.464764,10100
33.645283,-84.451371,14700
33.65259,-84.449574,12000
33.664999,-84.445588,13600
33.672665,-84.442658,17000
33.679662,-84.440148,9340
33.691207,-84.435394,19400
33.706338,-84.428019,17600
33.723158,-84.422146,22200
33.727872,-84.416999,28300
33.732933,-84.413256,10900
33.743066,-84.408849,5540
33.743842,-84.40913,11200
33.748448,-84.400622,5110
33.69664,-84.349632,29900
33.708591,-84.359023,8350
33.70688,-84.34945,26600
33.716154,-84.377132,5750
33.732419,-84.349318,28200
33.708382,-84.374522,10500
33.74114,-84.34923,32200
33.661815,-84.373161,13100
33.746129,-84.349206,46400
33.680697,-84.366986,9580
33.751664,-84.349197,45300
33.698425,-84.371244,10900
33.757267,-84.349079,33500
33.713723,-84.382786,7770
33.77353,-84.348986,24100
33.720516,-84.386727,8460
33.72572,-84.39158,3370
33.730847,-84.393012,7760
33.73529,-84.394618,2380
33.742039,-84.394515,3130
33.747652,-84.393919,5010
33.73047,-84.571566,50300
33.760992,-84.537591,40400
33.768109,-84.523366,31700
33.780522,-84.509931,23200
33.794797,-84.491637,10500
33.805281,-84.482528,19000
33.815214,-84.466806,18600
33.84126,-84.37529,38100
33.84664,-84.36809,37100
33.84665,-84.36808,35700
33.857018,-84.349308,35600
33.746956,-84.396097,7420
33.746932,-84.39158,10400
33.73004,-84.55744,7590
33.72803,-84.51968,9790
33.724578,-84.513072,21400
33.7233,-84.507503,24500
33.719881,-84.486831,10300
33.721293,-84.466435,9030
33.724436,-84.448417,8130
33.737452,-84.435604,15600
33.738504,-84.425828,11600
33.738218,-84.415953,12800
33.748901,-84.392179,7280
33.746927,-84.386591,13400
33.746766,-84.372008,11300
33.746552,-84.354938,13600
33.697746,-84.544773,15800
33.695216,-84.523952,19000
33.690769,-84.512816,27500
33.690255,-84.509369,28000
33.69033,-84.50414,40000
33.69009,-84.493607,63900
33.698247,-84.468058,58600
33.698875,-84.452354,45000
33.697588,-84.42277,64200
33.698121,-84.399685,20600
33.698154,-84.397095,19300
33.699456,-84.391946,14500
33.822361,-84.377094,11700
33.820507,-84.35762,19100
33.809898,-84.366034,18200
33.81636,-84.366657,44100
33.820637,-84.36375,15500
33.832732,-84.368028,42300
33.821051,-84.368761,11500
33.851558,-84.37972,34200
33.612662,-84.472133,47300
33.625925,-84.474331,9230
33.753359,-84.46744,12900
33.760977,-84.469639,20100
33.769827,-84.4726,12700
33.793806,-84.474157,8050
33.81632,-84.478939,16100
33.64907,-84.39719,157000
33.67629,-84.39758,178000
33.68546,-84.39861,160000
33.69592,-84.40474,266000
33.708828,-84.402372,349000
33.7301,-84.3924,353000
33.7413,-84.39158,339000
33.7558,-84.3782,339000
33.74868,-84.383821,268000
33.7506,-84.3811,371000
33.75852,-84.37856,299000
33.760193,-84.375647,70800
33.76146,-84.38069,311000
33.765064,-84.384814,347000
33.76631,-84.386852,352000
33.769942,-84.390097,331000
33.7733,-84.390024,342000
33.777534,-84.390767,397000
33.783079,-84.390855,365000
33.796694,-84.394352,155000
33.80067,-84.39794,245000
33.80262,-84.4065,212000
33.804031,-84.410263,218000
33.8175,-84.422,209000
33.8399,-84.4298,197000
33.8561,-84.432238,190000
33.8651,-84.4395,181000
33.768413,-84.534599,153000
33.765238,-84.512489,185000
33.758883,-84.477026,163000
33.7517,-84.4583,167000
33.7468,-84.4354,169000
33.7435,-84.4243,182000
33.74141,-84.41456,186000
33.74103,-84.41001,207000
33.742883,-84.403011,192000
33.74445,-84.39985,179000
33.74326,-84.37868,216000
33.74324,-84.373954,231000
33.7438,-84.35585,207000
33.6476,-84.4471,98700
33.62048,-84.47598,89000
33.62083,-84.4699,78600
33.6229,-84.4587,77100
33.65562,-84.43557,148000
33.66159,-84.42738,137000
33.66411,-84.42119,152000
33.67238,-84.41434,149000
33.64002,-84.45471,118000
33.68392,-84.40894,145000
33.6863,-84.4011,125000
33.800219,-84.389094,29600
33.811731,-84.369254,88400
33.62041,-84.48653,65300
33.82573,-84.349389,21400
33.63382,-84.49033,154000
33.6459,-84.4971,147000
33.6735,-84.4985,146000
33.7064,-84.4975,149000
33.7382,-84.5005,151000
33.756,-84.4944,145000
33.761999,-84.492648,125000
33.77467,-84.49605,165000
33.7926,-84.4883,161000
33.8045,-84.4919,150000
33.6497,-84.369,154000
33.61863,-84.45718,136000
33.745435,-84.439894,14100
33.75005,-84.45586,14000
33.754332,-84.483076,21800
33.757112,-84.501794,29000
33.76927,-84.515061,21700
33.777991,-84.531589,24200
33.680647,-84.38107,7930
33.68126,-84.40562,19600
33.7681,-84.367743,7500
33.681287,-84.40871,19100
33.681346,-84.415245,16000
33.681379,-84.4174,15600
33.681474,-84.424409,14500
33.67949,-84.43282,7420
33.738216,-84.410768,8400
33.75794,-84.367915,5450
33.736992,-84.400581,11600
33.73684,-84.39151,11900
33.702647,-84.401914,5910
33.659275,-84.43885,8570
33.659256,-84.44406,6900
33.660248,-84.415189,5460
33.824774,-84.358117,40100
33.723131,-84.368464,8220
33.7374,-84.368192,19000
33.74512,-84.368122,18100
33.659006,-84.430968,15500
33.748562,-84.368916,17100
33.658812,-84.417569,11900
33.75579,-84.372132,20600
33.661452,-84.413883,4970
33.76596,-84.371928,21000
33.773087,-84.37114,18500
33.786851,-84.367245,18100
33.807119,-84.375444,12600
33.74822,-84.3877,10700
33.727229,-84.388012,9300
33.74047,-84.387806,12300
33.745821,-84.387732,21200
33.750166,-84.386679,9620
33.754889,-84.382264,12000
33.766071,-84.382041,18500
33.722145,-84.40301,13600
33.721225,-84.391942,14900
33.773331,-84.403856,11700
33.762819,-84.396962,8720
33.755639,-84.391356,13200
33.752048,-84.369242,17300
33.76647,-84.385428,11900
33.778801,-84.38428,14900
33.783873,-84.383405,20500
33.791269,-84.385603,17400
33.747162,-84.390725,19600
33.76154,-84.387552,7840
33.754398,-84.384361,6150
33.768403,-84.384078,14400
33.765139,-84.396155,4300
33.7862,-84.40443,15000
33.78666,-84.38561,18500
33.781517,-84.40093,17800
33.786487,-84.380797,16100
33.849032,-84.354319,17800
33.86939,-84.358545,7310
33.850907,-84.419871,24600
33.846788,-84.406352,19600
33.844124,-84.393423,19600
33.84305,-84.407325,3320
33.863381,-84.404768,7170
33.884998,-84.425106,680
33.820849,-84.452479,11000
33.826976,-84.440016,14400
33.808113,-84.412724,17800
33.837187,-84.420714,18100
33.842572,-84.411844,9560
33.789112,-84.411919,15300
33.803765,-84.413979,34400
33.764061,-84.459831,4700
33.763562,-84.43596,5300
33.763433,-84.40839,6660
33.73398,-84.417725,5310
33.740213,-84.417721,17600
33.748401,-84.417551,22400
33.759299,-84.417523,14100
33.76845,-84.417414,11900
33.77678,-84.417344,9010
33.661879,-84.414084,7980
33.6805,-84.418657,5590
33.697539,-84.418325,12600
33.66758,-84.418892,7480
33.71238,-84.418153,6560
33.688091,-84.418473,7240
33.678491,-84.457645,2800
33.69435,-84.457333,6080
33.69007,-84.489071,26500
33.70327,-84.457341,11500
33.6904,-84.482203,5300
33.690557,-84.465215,4980
33.685819,-84.445987,6930
33.682057,-84.435169,5190
33.691727,-84.491761,19100
33.699095,-84.481983,8640
33.703814,-84.466671,9430
33.709397,-84.4499,9610
33.714902,-84.433028,11000
33.629296,-84.49193,12300
33.645241,-84.489738,11100
33.662576,-84.47014,10400
33.675826,-84.448042,10700
33.67995,-84.441697,7150
33.654584,-84.509503,50400
33.653051,-84.49031,38600
33.651796,-84.47712,28200
33.623602,-84.526127,5500
33.643189,-84.522387,6330
33.663009,-84.5225,2310
33.676373,-84.517993,5680
33.707408,-84.50702,10300
33.734615,-84.510558,14000
33.750299,-84.507457,9070
33.729577,-84.540337,1680
33.773399,-84.500168,2720
33.789549,-84.493519,1700
33.72382,-84.53899,4580
33.67157,-84.547008,5960
33.687601,-84.528526,3440
33.618371,-84.500692,8230
33.744298,-84.432322,12600
33.771226,-84.377112,17300
33.771096,-84.359869,10400
33.630356,-84.463899,10500
33.793198,-84.392005,201000
33.80723,-84.3798,243000
33.8114,-84.3713,209000
33.8218,-84.3591,151000
33.824014,-84.351024,216000
33.82117,-84.3663,9160
33.651638,-84.366823,25200
33.864282,-84.391439,5840
33.884005,-84.411989,1430
33.878587,-84.424828,1710
33.88286,-84.352847,10100
33.883732,-84.370734,10800
33.709643,-84.535676,1410
33.747021,-84.545695,660
33.845564,-84.439754,3220
33.839981,-84.448876,500
33.814113,-84.426874,6250
33.8214,-84.429265,6410
33.825182,-84.415628,5290
33.811345,-84.43147,11000
33.809455,-84.4102,8530
33.79783,-84.427024,10200
33.788612,-84.417488,9660
33.792598,-84.40379,4440
33.796162,-84.399494,10500
33.836155,-84.41964,4930
33.83855,-84.374329,11300
33.841867,-84.427683,5560
33.847007,-84.39368,10400
33.806786,-84.3507,9270
33.801591,-84.372954,5630
33.796742,-84.38167,5370
33.75668,-84.374342,4090
33.77201,-84.372784,2270
33.797449,-84.353255,8850
33.790438,-84.355557,14000
33.776306,-84.352502,13500
33.761328,-84.368321,9320
33.781786,-84.37822,9790
33.750278,-84.393553,6180
33.753526,-84.390539,12800
33.775804,-84.390181,3330
33.803763,-84.459418,5320
33.793539,-84.447079,4760
33.78627,-84.432472,10500
33.801728,-84.477204,2220
33.762342,-84.441146,9010
33.770259,-84.459666,1780
33.768049,-84.44162,1810
33.767979,-84.497066,4190
33.763849,-84.477529,4380
33.761619,-84.433452,4600
33.753184,-84.394119,7310
33.754696,-84.406884,4110
33.754516,-84.397479,7570
33.75936,-84.450493,2050
33.749951,-84.466698,940
33.747424,-84.435831,2760
33.745045,-84.414136,5480
33.733912,-84.454474,3150
33.732286,-84.487316,3670
33.718338,-84.447324,1680
33.722508,-84.44103,1780
33.723112,-84.427411,2740
33.729401,-84.420958,3780
33.735769,-84.431394,4900
33.72787,-84.416431,3720
33.708989,-84.422587,1780
33.68506,-84.447437,2770
33.702426,-84.446762,5310
33.69727,-84.413867,1970
33.695428,-84.411776,6490
33.7188,-84.3934,90
33.689659,-84.390713,4230
33.705171,-84.388962,4790
33.674103,-84.383697,3470
33.72473,-84.378556,2110
33.695809,-84.373811,2200
33.721962,-84.37349,1850
33.717042,-84.358429,5190
33.6865,-84.360231,3440
33.693161,-84.35929,8070
33.734103,-84.424656,2860
33.759768,-84.41874,1860
33.774421,-84.403631,5240
33.771921,-84.377724,2810
33.781929,-84.36086,9320
33.7602,-84.412651,2860
33.764073,-84.377273,3690
33.749324,-84.413428,5090
33.749094,-84.405999,4830
33.760994,-84.38851,2730
33.757719,-84.37737,6450
33.759255,-84.360532,3530
33.755482,-84.37331,1670
33.736491,-84.35869,890
33.733663,-84.36007,1520
33.727331,-84.362337,5460
33.730384,-84.38549,1330
33.730235,-84.373081,2590
33.7416,-84.3863,980
33.741972,-84.39766,9910
33.74121,-84.37866,860
33.73785,-84.401634,7440
33.751475,-84.399764,4540
33.87303,-84.365678,2640
33.87783,-84.381754,8730
33.858876,-84.392091,8530
33.792678,-84.481123,1550
33.79192,-84.468093,2830
33.777807,-84.494976,2550
33.772699,-84.507437,2220
33.758711,-84.482913,3630
33.727027,-84.47097,100
33.735753,-84.488926,4440
33.746518,-84.515184,3420
33.666049,-84.480961,3210
33.698285,-84.496961,3450
33.703667,-84.487592,3420
33.677486,-84.466619,2880
33.694204,-84.506219,4770
33.68351,-84.506347,8240
33.71078,-84.474622,780
33.645841,-84.472654,6820
33.678811,-84.477137,2500
33.694485,-84.455942,3410
33.684209,-84.498703,5340
33.678612,-84.506439,960
33.687469,-84.533771,2190
33.679801,-84.49383,6510
33.694291,-84.492274,3720
33.855846,-84.441114,10100
33.67505,-84.399379,3700
33.6729,-84.39554,3350
33.65881,-84.387772,3480
33.652193,-84.379278,4780
33.663581,-84.37585,4510
33.666601,-84.355405,1720
33.667984,-84.365472,1890
33.771407,-84.514231,1950
33.785403,-84.472906,1690
33.847233,-84.355367,4250
33.742122,-84.379246,4030
33.667302,-84.434016,5860
33.663369,-84.419848,4990
33.669173,-84.435268,3930
33.660192,-84.411925,7980
33.684108,-84.438167,630
33.674824,-84.426098,4650
33.678061,-84.493329,1420
33.679051,-84.465635,1110
33.684839,-84.429576,550
33.691736,-84.42456,1870
33.6659,-84.4601,940
33.666176,-84.44975,1110
33.65885,-84.406199,2270
33.874242,-84.446258,183000
33.877046,-84.387754,9130
33.746858,-84.543999,2190
33.72228,-84.565474,6770
33.678828,-84.571827,6140
33.79525,-84.399809,4630
33.851264,-84.352789,310
33.797175,-84.377026,6930
33.799466,-84.364058,7040
33.765032,-84.43105,2130
33.738976,-84.423362,3070
33.76706,-84.39191,2900
33.741861,-84.369765,670
33.733952,-84.351267,1580
33.670228,-84.495572,4070
33.673304,-84.499204,3320
33.678637,-84.390727,400
33.649766,-84.357007,3900
33.837017,-84.374438,12300
33.7533,-84.399799,2160
33.742247,-84.381539,490
33.743017,-84.371649,620
33.694296,-84.420971,1890
33.635492,-84.47112,3500
33.762791,-84.390543,11600
33.88235,-84.393044,1150
33.754725,-84.520021,2870
33.714174,-84.539963,160
33.675604,-84.558127,1360
33.638816,-84.484256,920
33.652405,-84.550193,1360
33.60819,-84.512913,120
33.627713,-84.500673,320
33.61132,-84.459832,290
33.712552,-84.536711,170
33.62937,-84.520015,230
33.702099,-84.551346,570
33.814761,-84.456211,160
33.806358,-84.449729,200
33.802347,-84.417226,190
33.802007,-84.396055,1920
33.805758,-84.406894,370
33.807019,-84.409638,1170
33.837488,-84.415759,110
33.862728,-84.425937,770
33.851248,-84.39066,3090
33.838663,-84.39173,640
33.823048,-84.398241,420
33.817708,-84.384929,4760
33.841734,-84.36295,160
33.845681,-84.354608,70
33.816437,-84.354185,140
33.80279,-84.381341,250
33.794774,-84.38882,170
33.799292,-84.352544,110
33.787595,-84.35933,2050
33.810984,-84.469636,190
33.772599,-84.450835,350
33.764586,-84.454901,230
33.756766,-84.438469,320
33.761216,-84.440127,290
33.761147,-84.454695,60
33.746386,-84.461249,40
33.734902,-84.448984,350
33.714391,-84.452005,290
33.72111,-84.44266,50
33.719932,-84.436511,480
33.732015,-84.429987,240
33.723667,-84.423051,150
33.718281,-84.410273,5730
33.716081,-84.415081,150
33.71048,-84.470072,810
33.677333,-84.415602,1670
33.69962,-84.406091,50
33.706065,-84.396589,280
33.697036,-84.393426,10
33.69966,-84.373784,220
33.692845,-84.371223,170
33.733589,-84.389421,130
33.713445,-84.383794,100
33.715669,-84.379714,530
33.714163,-84.372365,220
33.715867,-84.36734,160
33.698678,-84.361264,190
33.740708,-84.418992,1750
33.74952,-84.424333,1220
33.77187,-84.413459,530
33.764701,-84.401678,250
33.780942,-84.35945,290
33.776311,-84.350361,340
33.742251,-84.396969,130
33.765529,-84.408845,410
33.75187,-84.411323,370
33.751463,-84.381264,4510
33.750231,-84.364759,350
33.752471,-84.370507,790
33.729316,-84.373143,110
33.734206,-84.39034,530
33.729351,-84.412309,470
33.736287,-84.400856,220
33.876769,-84.354655,1140
33.866237,-84.376732,1720
33.86843,-84.419318,190
33.863521,-84.43232,690
33.79929,-84.481069,350
33.79338,-84.489986,630
33.766158,-84.478583,90
33.776122,-84.479081,540
33.779634,-84.49458,160
33.759199,-84.500698,1450
33.731739,-84.477186,210
33.728025,-84.501148,100
33.702616,-84.511034,670
33.701001,-84.519587,230
33.695831,-84.497458,290
33.690144,-84.531387,390
33.674813,-84.411726,160
33.667554,-84.380695,1580
33.657543,-84.357482,210
33.877466,-84.416081,80
33.787791,-84.423834,390
33.8762,-84.4091,100
33.679031,-84.423552,930
33.671028,-84.449616,120
33.677467,-84.4448,780
33.68041,-84.453404,420
33.679877,-84.484269,80
33.665122,-84.48499,60
33.649747,-84.487311,3920
33.688815,-84.42187,280
33.701084,-84.445052,2080
33.671609,-84.473005,140
33.66139,-84.429572,7470
33.660702,-84.454105,170
33.66618,-84.437567,390
33.645895,-84.483342,70
33.655072,-84.408642,750
33.672031,-84.405655,240
33.659171,-84.402858,230
33.754476,-84.366564,4540
33.691818,-84.560204,1160
33.663728,-84.557823,1710
33.632773,-84.510482,3780
33.629952,-84.53657,2750
33.741766,-84.569072,4900
33.68043,-84.5268,2500
33.609704,-84.524929,420
33.808698,-84.431822,860
33.773874,-84.426045,10000
33.774175,-84.437933,150
33.699763,-84.45119,5670
33.704148,-84.411721,530
33.776899,-84.402435,5840
33.773355,-84.40524,480
33.754127,-84.388809,1840
33.868907,-84.368039,720
33.738641,-84.480345,2940
33.74465,-84.497082,2760
33.696713,-84.482951,1700
33.660695,-84.498522,8880
33.66851,-84.38929,960
33.65186,-84.492719,3500
33.645665,-84.450461,1440
33.660837,-84.422836,1270
33.696985,-84.404039,20200
33.738015,-84.392575,2090
33.703917,-84.398892,6990
33.753834,-84.3965,170
33.618522,-84.489196,7740
33.720649,-84.395357,7100
33.79647,-84.39434,38900
33.6866,-84.40082,54500
33.79762,-84.3941,23700
33.76358,-84.4916,20500
33.6858,-84.40277,67200
33.79682,-84.3952,68200
33.76642,-84.4984,42000
33.79504,-84.392,31000
33.82325,-84.35915,81500
33.651794,-84.395978,6000
33.679107,-84.397817,5310
33.658857,-84.394464,11100
33.685915,-84.398542,16100
33.69814,-84.40426,15200
33.700386,-84.403621,22500
33.723503,-84.393566,10400
33.730315,-84.392081,2650
33.734487,-84.391641,13000
33.741017,-84.391378,26500
33.742629,-84.391086,7500
33.742238,-84.39166,430
33.747441,-84.386225,51000
33.749188,-84.38251,10900
33.752601,-84.378788,5300
33.761919,-84.381013,21800
33.758684,-84.378335,7880
33.758501,-84.378744,1160
33.757438,-84.378074,14900
33.766232,-84.386206,6410
33.76844,-84.389304,4290
33.766844,-84.390078,6420
33.770828,-84.38988,29000
33.77937,-84.39067,14100
33.7862,-84.39062,11500
33.79003,-84.391182,7770
33.79257,-84.3906,16800
33.802565,-84.40564,9800
33.803025,-84.40676,6890
33.803462,-84.409245,750
33.80501,-84.412077,18800
33.806507,-84.414925,6620
33.832335,-84.426458,5130
33.83371,-84.42713,3490
33.84515,-84.42958,7760
33.84676,-84.43007,4920
33.864325,-84.438578,4870
33.866053,-84.440047,9130
33.82412,-84.35792,13000
33.828379,-84.360049,14700
33.849649,-84.368304,23500
33.854275,-84.369449,18100
33.63874,-84.492808,7770
33.639491,-84.494005,3940
33.654273,-84.497299,19300
33.658932,-84.497351,17800
33.687171,-84.499681,9770
33.689357,-84.499767,3980
33.690994,-84.499779,3220
33.693345,-84.499837,12200
33.721238,-84.502363,7670
33.723795,-84.50217,9460
33.751846,-84.495168,7580
33.752559,-84.49559,7550
33.759428,-84.492774,11700
33.766443,-84.495651,21200
33.784144,-84.494791,13600
33.787318,-84.491906,9970
33.798181,-84.487499,6170
33.642702,-84.449686,5710
33.650401,-84.367938,9750
33.652721,-84.366058,8680
33.619293,-84.464157,33100
33.621032,-84.469282,42200
33.620504,-84.486132,10800
33.625111,-84.488205,35000
33.60909,-84.485697,39100
33.619472,-84.487778,3620
33.61116,-84.486105,2230
33.651532,-84.439907,37300
33.618782,-84.480716,14000
33.644499,-84.449938,17000
33.619677,-84.464239,6780
33.619525,-84.45812,4520
33.657958,-84.432502,6100
33.62049,-84.45869,9860
33.660951,-84.427448,2130
33.662431,-84.425025,9450
33.665218,-84.417902,4780
33.667018,-84.416178,2420
33.679565,-84.411835,6440
33.681741,-84.411,4930
33.684807,-84.404494,2250
33.808078,-84.378332,24200
33.821023,-84.360228,730
33.821793,-84.357995,20500
33.823758,-84.351078,8990
33.767138,-84.530845,7160
33.765071,-84.523042,24700
33.760797,-84.487688,27000
33.757682,-84.471192,4380
33.757039,-84.469628,7240
33.751326,-84.448469,4950
33.74922,-84.442613,6980
33.744945,-84.427309,6430
33.741289,-84.419165,5890
33.741256,-84.416394,8350
33.741148,-84.413031,11100
33.741911,-84.4044,7490
33.743685,-84.40078,10300
33.745083,-84.396173,6670
33.744881,-84.397337,39100
33.743332,-84.386459,43500
33.743106,-84.383621,8250
33.743098,-84.37782,6970
33.743032,-84.369907,9540
33.743012,-84.364229,14200
33.743083,-84.36098,6790
33.744798,-84.351228,8270
33.763436,-84.489797,16800
33.765223,-84.495097,20100
33.65416,-84.395886,9700
33.654563,-84.395939,6350
33.702252,-84.404455,34700
33.689988,-84.401999,9700
33.688697,-84.400418,3820
33.67966,-84.398648,12200
33.675333,-84.397987,15600
33.723444,-84.394531,13000
33.721195,-84.396045,5940
33.734488,-84.392457,4440
33.737314,-84.392369,13600
33.743992,-84.391619,6920
33.741538,-84.392246,32900
33.747971,-84.386594,43100
33.745974,-84.394258,430
33.750114,-84.38243,5430
33.753131,-84.37946,9090
33.75579,-84.37891,13100
33.760074,-84.380245,3110
33.758348,-84.380502,9200
33.762592,-84.382831,9960
33.758446,-84.378844,1480
33.764636,-84.385103,9000
33.766329,-84.389879,19900
33.76877,-84.390635,8740
33.766551,-84.390239,1130
33.773592,-84.390578,13600
33.780534,-84.391514,22800
33.793245,-84.391413,9160
33.79314,-84.39355,4660
33.7948,-84.39415,15100
33.803774,-84.411068,24100
33.803597,-84.409811,800
33.801506,-84.403475,27300
33.806289,-84.415632,17000
33.833492,-84.427694,3810
33.831346,-84.427325,7000
33.850587,-84.431341,9810
33.847631,-84.431048,5310
33.866266,-84.441167,3110
33.862197,-84.437572,6600
33.824761,-84.360188,12800
33.82906,-84.36073,11100
33.854383,-84.370172,18600
33.849839,-84.369296,27500
33.636411,-84.493009,4760
33.634429,-84.491162,7220
33.658685,-84.498007,19500
33.654343,-84.497985,18700
33.691416,-84.501391,3580
33.686756,-84.500396,12700
33.689031,-84.501006,9520
33.72567,-84.503034,9230
33.722099,-84.503189,8130
33.75529,-84.495357,7380
33.752872,-84.496222,9290
33.766511,-84.496023,29600
33.757377,-84.494377,3010
33.763596,-84.493389,16200
33.759994,-84.493268,7830
33.789127,-84.491571,9900
33.786482,-84.49415,14200
33.799696,-84.488919,5100
33.653935,-84.366127,7940
33.652309,-84.367984,8820
33.621031,-84.464852,22800
33.620912,-84.466792,2910
33.625219,-84.488872,15700
33.614255,-84.48526,15800
33.614676,-84.487179,29200
33.622887,-84.488451,29000
33.65046,-84.442905,15300
33.617475,-84.487637,23800
33.609922,-84.486613,2110
33.653809,-84.437931,25000
33.651298,-84.442754,10500
33.623282,-84.45887,13000
33.620385,-84.466796,23700
33.660082,-84.430406,5820
33.657869,-84.43342,8180
33.64817,-84.447345,3680
33.663623,-84.423548,4990
33.667798,-84.416353,2830
33.666511,-84.417553,3520
33.682781,-84.411178,3280
33.67975,-84.412353,5050
33.684989,-84.40597,2990
33.689357,-84.401359,20200
33.79517,-84.3938,18300
33.804989,-84.383575,24300
33.822649,-84.358146,910
33.82361,-84.35537,15300
33.824667,-84.350684,9960
33.765714,-84.523459,21100
33.767403,-84.529745,9330
33.761865,-84.487647,12000
33.756468,-84.467725,3830
33.758435,-84.47153,5890
33.758107,-84.470258,2530
33.749973,-84.442855,5300
33.75177,-84.44815,5850
33.745726,-84.427882,6130
33.741722,-84.415946,8450
33.741904,-84.419849,6930
33.741649,-84.412796,9420
33.742215,-84.405279,7590
33.743699,-84.37797,7300
33.744702,-84.400058,3300
33.745489,-84.397143,5260
33.743745,-84.38576,45000
33.74567,-84.394619,40000
33.743648,-84.382344,8220
33.746004,-84.396706,6870
33.743658,-84.370137,8610
33.743698,-84.360769,8680
33.743651,-84.365226,7510
33.745422,-84.351242,8020
33.760073,-84.375791,15100
33.765966,-84.35894,1130
33.764542,-84.358389,4290
33.799229,-84.389061,10800
33.801497,-84.387233,6200
33.811742,-84.369787,8140
33.809831,-84.375089,13500
33.811597,-84.368733,12700
33.812252,-84.36475,8580
33.645508,-84.453005,1430
33.644773,-84.45243,3000
33.646415,-84.453059,1310
33.646748,-84.451866,4540
33.616417,-84.516028,9040
33.614491,-84.498937,8470
33.615269,-84.498652,8490
33.618579,-84.514196,7730
33.618509,-84.516073,1500
33.616998,-84.517676,1110
33.690927,-84.490866,10600
33.692538,-84.488844,5860
33.691259,-84.491607,5600
33.690707,-84.492662,11700
33.698752,-84.458694,5850
33.699272,-84.458578,6190
33.698015,-84.446131,6700
33.698362,-84.446862,7040
33.6977,-84.431116,3430
33.697714,-84.43076,6250
33.698642,-84.430508,6890
33.698452,-84.431001,2900
33.697647,-84.420264,3520
33.697536,-84.416711,5010
33.69796,-84.416702,7460
33.698017,-84.419714,2940
33.69644,-84.412201,1920
33.696259,-84.411881,3140
33.696791,-84.411629,7920
33.696847,-84.412122,2820
33.795185,-84.388145,790
33.79126,-84.39101,116000
33.883104,-84.190352,30800
33.886657,-84.214325,480
33.872455,-84.199606,50
33.620669,-84.252715,16800
33.637284,-84.259212,6690
33.614835,-84.254481,7440
33.618768,-84.244212,19900
33.6277,-84.224492,9890
33.642703,-84.202594,8140
33.623288,-84.236666,6780
33.614235,-84.230585,13200
33.640414,-84.258765,2570
33.617845,-84.239975,8390
33.624888,-84.217524,960
33.647134,-84.26399,4800
33.6273,-84.248187,1430
33.62161,-84.222944,170
33.61115,-84.255777,130
33.638799,-84.195869,190
33.612421,-84.206958,270
